{"Option": {"checkBox_can_log": true, "checkBox_no_hotupdate": true, "checkBox_switch_server": true, "checkBox_use_local": true, "checkBox_use_pngquant": true}, "Other": {"cbox_ch": "oppo", "cbox_lang": "Indonesia", "edit_vcode": "21430", "edit_vname": "2.14.3.0"}, "Subgame": {"baccarat": true, "bandar_ceme": true, "big_battle": true, "capsa": true, "domino": true, "domino_bandar": true, "gaple": true, "gaple_five": true, "sicbo": true, "slot": true, "texas": true, "texas_bandar": true, "wheel": true}}