{"Option": {"checkBox_no_hotupdate": true, "checkBox_use_ad": true, "checkBox_use_promoter": true, "checkBox_use_local": true, "checkBox_switch_server": true, "checkBox_use_downloader": true, "checkBox_use_cynk_socket": true}, "Subgame": {"double_ten": true, "dummy": true, "dummy2v2": true, "fourk": true, "fourk_base": true, "gaple": true, "pokdeng": true, "sangong": true, "sangong_bandar": true, "sicbo": true, "slot": true, "texas": true, "texas_bandar": true, "thai_sicbo": true, "wheel": true}, "Other": {"edit_vname": "2.10.0.0", "edit_vcode": "21000", "cbox_lang": "Thai"}}