{"Option": {"checkBox_no_hotupdate": true, "checkBox_use_ad": true, "checkBox_use_promoter": true, "checkBox_use_local": true, "checkBox_pop_errbox": true, "checkBox_use_pngquant": true, "checkBox_switch_server": true, "checkBox_use_downloader": true, "checkBox_use_cynk_socket": true}, "Subgame": {"baccarat": true, "bandar_ceme": true, "big_battle": true, "domino": true, "domino_bandar": true, "fcru": true, "sicbo": true, "slot": true, "texas": true, "texas_bandar": true, "wheel": true}, "Other": {"edit_vname": "2.15.0.0", "edit_vcode": "21500", "cbox_lang": "Indonesia"}}